<corpus task="affective text">
<instance id="1">Mortar assault leaves at least 18 dead</instance>
<instance id="2">Goal delight for Sheva</instance>
<instance id="3">Nigeria hostage feared dead is freed</instance>
<instance id="4">Bombers kill shoppers</instance>
<instance id="5">Vegetables, not fruit, slow brain decline</instance>
<instance id="6">PM: Havana deal a good experiment</instance>
<instance id="7">Kate is marrying Doherty</instance>
<instance id="8">NASA revisiting life on Mars question</instance>
<instance id="9">Happy birthday, iPod</instance>
<instance id="10">Alonso would be happy to retire with three titles</instance>
<instance id="11">Madonna's New Tot 'Happy at Home' in London</instance>
<instance id="12">Nicole Kidman asks dad to help stop husband's drinking</instance>
<instance id="13">United Finds Good Connection in Win</instance>
<instance id="14">'Runway': Making Good Without Making Nice</instance>
<instance id="15">We were 'arrogant and stupid' over Iraq, says US diplomat</instance>
<instance id="16">Bad reasons to be good</instance>
<instance id="17">Madonna's new baby's daddy didn't realize adoption was `for good'</instance>
<instance id="18">Women in their 60s 'are perfectly good mothers'</instance>
<instance id="19">We're a pretty kind 'bully'</instance>
<instance id="20">Moderate drinking reduces men's heart attack risk</instance>
<instance id="21">Tom Cruise and Katie Holmes set wedding date</instance>
<instance id="22">Kidnapped AP photographer freed in Gaza</instance>
<instance id="23">Bush Insists Troops Stay in Iraq, Predicts Midterm Victory</instance>
<instance id="24">Hurricane Paul Weakens To Tropical Storm</instance>
<instance id="25">UK announces immigration restrictions</instance>
<instance id="26">Three found alive from missing Russian ship -report</instance>
<instance id="27">Poison Pill to Swallow: Hawks Hurting After Loss to Vikes</instance>
<instance id="28">Injured Marathon Winner Leaves Hospital</instance>
<instance id="29">Hacker unlocks Apple music download protection</instance>
<instance id="30">Spanish journalist seized in Gaza</instance>
<instance id="31">Sudan urges UN to replace its special envoy</instance>
<instance id="32">Resolution approved for international games</instance>
<instance id="33">Pair of Satellites Will Document Sun in 3-D</instance>
<instance id="34">Martian Life Could Have Evaded Detection by Viking Landers</instance>
<instance id="35">The sweet tune of an anniversary</instance>
<instance id="36">Did Viking Probes Miss Life on Mars?</instance>
<instance id="37">Diplomat acknowledges US arrogance in Iraq</instance>
<instance id="38">More Human Remains Found at Ground Zero</instance>
<instance id="39">How to Prevent Iraq From Getting Even Worse</instance>
<instance id="40">Tensions as Hungary marks uprising</instance>
<instance id="41">Stanford study warns of Internet addiction</instance>
<instance id="42">No evidence of ice reserves on the moon</instance>
<instance id="43">A Picture and A Thousand Words</instance>
<instance id="44">Parachutist dies at bridge-jump festival</instance>
<instance id="45">US Troops Killed In October In Iraq</instance>
<instance id="46">Chefs not counting calories, study finds</instance>
<instance id="47">Deaths linked to flu vaccine</instance>
<instance id="48">Perfect lives lose their focus</instance>
<instance id="49">Bread-Heavy Diet Linked to Kidney Cancer</instance>
<instance id="50">Beating poverty in a small way</instance>
<instance id="51">Israel insists on Lebanon overflights</instance>
<instance id="52">Britain to restrict immigrants from new EU members</instance>
<instance id="53">Confusion Reigns In the Expanding Digital World</instance>
<instance id="54">Game on! London exhibition celebrates the history of video games</instance>
<instance id="55">Making peace from victory over poverty</instance>
<instance id="56">Marine killed in fighting west of Baghdad</instance>
<instance id="57">Scientists create first cloaking device</instance>
<instance id="58">Amateur rocket scientists reach for space</instance>
<instance id="59">Confusion Reigns In the Expanding Digital World</instance>
<instance id="60">Deaths linked to flu vaccine</instance>
<instance id="61">Israel admits using phosphorous shells in Lebanon</instance>
<instance id="62">4th person dies after receiving flu shot</instance>
<instance id="63">Police and shoppers targeted in growing Iraq violence</instance>
<instance id="64">Scientists discover miracle in the depths</instance>
<instance id="65">Doctors Seeing Patients Who Think They're Internet Addicted</instance>
<instance id="66">China launches two satellites into orbit</instance>
<instance id="67">Vegetables May Boost Brain Power in Older Adults</instance>
<instance id="68">Hurricane Paul nears Category 3 status</instance>
<instance id="69">Russian ship sinks, 18-member crew missing</instance>
<instance id="70">Iran's president urges higher birth rate</instance>
<instance id="71">Apple set for massive market gains</instance>
<instance id="72">Tumor Types May Explain Survival Rates for Cancer</instance>
<instance id="73">Routine mission turns into hunt for missing comrade</instance>
<instance id="74">Bad weather slows S.Korean search for Russian ship</instance>
<instance id="75">Tailors and housewives busy as Muslims celebrate Eid</instance>
<instance id="76">Active peace brings the promise of development</instance>
<instance id="77">Abbas condemns Israeli massacre in northern Gaza Strip</instance>
<instance id="78">Bangladesh ferry sinks, 15 dead</instance>
<instance id="79">Bucs find a new kick in life</instance>
<instance id="80">Google to unveil election mashup</instance>
<instance id="81">Police warn of child exploitation online</instance>
<instance id="82">Breast Cancer Awareness is Important</instance>
<instance id="83">Hungary police tackle violent protestors</instance>
<instance id="84">Three drivers had reason to be proud in Brazil</instance>
<instance id="85">Celebrities Protest Malibu Gas Facility</instance>
<instance id="86">Lebo: A life lived on the edge</instance>
<instance id="87">Presto! He's Batman, then magic man</instance>
<instance id="88">Heavy use of mobile phones can make men infertile, scientists say</instance>
<instance id="89">Russian ship sinks in Pacific</instance>
<instance id="90">China Successfully Launches Two Satellites</instance>
<instance id="91">Prestige has magic touch</instance>
<instance id="92">Lies, damned lies, and divorce</instance>
<instance id="93">Manning inspires Giants to victory in Dallas</instance>
<instance id="94">Riot warning for France suburbs</instance>
<instance id="95">Full recovery expected for marathon winner</instance>
<instance id="96">Sony apologises for global battery recall</instance>
<instance id="97">Questions on credit card safety</instance>
<instance id="98">Budapest calm after night of violent protests</instance>
<instance id="99">Vegetables May Boost Brain Power in Older Adults</instance>
<instance id="100">Report criticises US press freedoms</instance>
<instance id="101">French suburb riots could resume</instance>
<instance id="102">Photographer kidnapping condemned</instance>
<instance id="103">Photographer kidnapped in Gaza</instance>
<instance id="104">Baseball: Rogers enjoys his muddied streak</instance>
<instance id="105">Cultural revolutionary, the iPod is five</instance>
<instance id="106">Life on Mars? Maybe We Missed It</instance>
<instance id="107">Three found alive from missing Russian ship -report</instance>
<instance id="108">Moderate drinking reduces men's heart attack risk</instance>
<instance id="109">The sweet tune of an anniversary</instance>
<instance id="110">Inconvenient truths</instance>
<instance id="111">Dating difficult for Harry Potter</instance>
<instance id="112">Students lose their rite of passage</instance>
<instance id="113">Putin vows to tackle illegal immigration</instance>
<instance id="114">Ottawa must redefine 'terror'</instance>
<instance id="115">Britain to Limit Workers from Romania, Bulgaria</instance>
<instance id="116">Top General Optimistic on Iraq</instance>
<instance id="117">Kim Osorio Wins Sexual Harrassment Suit Against The Source</instance>
<instance id="118">Silly and substantial</instance>
<instance id="119">Official laughs for Borat</instance>
<instance id="120">Speaker Hastert testifies before panel probing sex scandal</instance>
<instance id="121">On Educating Sexes Separately</instance>
<instance id="122">Tom Cruise and Katie Holmes set wedding date</instance>
<instance id="123">Martian Life Could Have Evaded Detection by Viking Landers</instance>
<instance id="124">Ukraine gas deal marred by fears</instance>
<instance id="125">Marathon victory comes at heavy cost</instance>
<instance id="126">College tuition continues climbing</instance>
<instance id="127">German paper shows soldiers desecrating skull</instance>
<instance id="128">War is close, Ethiopia tells Somali rebels</instance>
<instance id="129">Advantage Cardinals with Suppan in Game 4</instance>
<instance id="130">NASA spacecraft to measure Sun</instance>
<instance id="131">Sony Hates Europeans, Will Prevent The Importing of PS3</instance>
<instance id="132">Flu Vaccine Appears Safe for Young Children</instance>
<instance id="133">Google To Launch Yet Another Search Tool</instance>
<instance id="134">Tropical Storm Paul's Outer Bands Hit Mexico's Baja California</instance>
<instance id="135">Israeli Bomblets Plague Lebanon</instance>
<instance id="136">New Indonesia Calamity, a Mud Bath, Is Man-Made</instance>
<instance id="137">U.S. Weighs Sanctions Against North Korea</instance>
<instance id="138">Rice, in Baghdad, Insists That Iraqis Are </instance>
<instance id="139">Senator Says U.S. Should Rethink Iraq Strategy</instance>
<instance id="140">German Chief Forges Accord on Financing Health Care</instance>
<instance id="141">Turkish Writers Say Efforts to Stifle Speech May Backfire</instance>
<instance id="142">Kurdish Lawmaker Killed in an Attack in Baghdad</instance>
<instance id="143">Anti-U.S. Attack Videos Spread on the Internet</instance>
<instance id="144">Women Face Greatest Threat of Violence at Home, Study Finds</instance>
<instance id="145">Appeal by Chinese Researcher for Times May Soon Be Heard</instance>
<instance id="146">Brazil Air Force Cites Faults and Confusion in Fatal Crash</instance>
<instance id="147">A Mix of Oil and Environmentalism</instance>
<instance id="148">Immigrants and French Reach Deal in Standoff</instance>
<instance id="149">Genghis Khan Beer? Mongolia Grimaces</instance>
<instance id="150">Dead Bachelors in Remote China Still Find Wives</instance>
<instance id="151">Managua Journal: Hold the Mojito and Margarita, Nicaragua Has el Macu</instance>
<instance id="153">Paris Journal: Smoking No Longer Tres Chic in France</instance>
<instance id="154">An Old Letter Casts Doubts on Iran's Goal for Uranium</instance>
<instance id="155">U.S. Warns North Koreans About Nuclear Test</instance>
<instance id="156">Global Sludge Ends in Tragedy for Ivory Coast</instance>
<instance id="158">Equipment on Plane in Brazil Collision May Have Been Faulty</instance>
<instance id="159">New Indonesia Calamity, a Mud Bath, Is Man-Made</instance>
<instance id="160">Iraqi Journalists Add Laws to List of Dangers</instance>
<instance id="161">U.N. Force Is Treading Lightly on Lebanese Soil</instance>
<instance id="162">Cleric Said to Lose Reins Over Part of Iraqi Militia</instance>
<instance id="163">Citing Spy Agencies' Study, Democrats Seek Iraq Changes</instance>
<instance id="164">Opera Canceled Over a Depiction of Muhammad</instance>
<instance id="165">Military Officials Add to U.S. Criticism of Iraq's Government</instance>
<instance id="166">Teacher in Hiding After Attack on Islam Stirs Threats</instance>
<instance id="167">Combative Bush Releases Parts of Terror Study</instance>
<instance id="168">Growing Unarmed Battalion in Qaeda Army Is Using Internet to Get the Message Out</instance>
<instance id="169">Iraqi Linked to Sunni Bloc Is Held in Plot, Military Says</instance>
<instance id="170">Seduced by Snacks? No, Not You</instance>
<instance id="171">Friends for Life: An Emerging Biology of Emotional Healing</instance>
<instance id="172">Alzheimer's Drugs Offer No Help, Study Finds</instance>
<instance id="173">Across Europe, Worries on Islam Spread to Center</instance>
<instance id="174">Cooking Defines Sephardic Jews at Sukkot</instance>
<instance id="175">Fitness: Bodies in Motion, Clean and Sober</instance>
<instance id="176">In God's Name: Religion-Based Tax Breaks: Housing to Paychecks to Books</instance>
<instance id="177">Yankee Dies in Plane Crash, Official Says</instance>
<instance id="178">An Elephant Crackup?</instance>
<instance id="179">With YouTube, Grad Student Hits Jackpot Again</instance>
<instance id="180">Dow flirts with record highs again</instance>
<instance id="181">Tropical Storm Isaac forms in Atlantic</instance>
<instance id="182">New Iraq terror tape calls for abducting foreigners</instance>
<instance id="183">'Deep regret' for ex-HP exec</instance>
<instance id="184">'Opportunity' knocks on geologist's dream crater</instance>
<instance id="185">Squirrel jumps boy in park; rabies suspected</instance>
<instance id="186">Girl left comatose after dental visit dies</instance>
<instance id="187">Porn star candidate campaigns on campus</instance>
<instance id="188">School ends football season after 0-4 start</instance>
<instance id="189">Charlie Sheen to become highest-paid sitcom star</instance>
<instance id="190">Jon Stewart mocks benefits of CNN's I</instance>
<instance id="191">Ashton Kutcher tells secret to Ryan Seacrest</instance>
<instance id="192">Nails-on-chalkboard study earns Ig</instance>
<instance id="193">Gunman 'fine' before shooting</instance>
<instance id="194">Marijuana may stave off Alzheimer's</instance>
<instance id="195">Kentucky seeks alcohol huffing ban</instance>
<instance id="196">Toddler died from tainted spinach</instance>
<instance id="197">Judge dismisses Karr's porn case</instance>
<instance id="198">10 die in 22-hour Kashmir standoff</instance>
<instance id="199">Slain Amish girls laid to rest</instance>
<instance id="200">5,000 flee plant fire</instance>
<instance id="201">Cher auction fetches double pre-sale estimates</instance>
<instance id="202">Stars scuffle on 'Grey's Anatomy'</instance>
<instance id="203">Probe under way in Yankee crash</instance>
<instance id="204">Amish schoolhouse torn down</instance>
<instance id="205">Warner will not run in '08</instance>
<instance id="206">Reid land deal under scrutiny</instance>
<instance id="207">Flooding washes out road to Valdez, Alaska</instance>
<instance id="208">Briton admits U.S. bomb plot role</instance>
<instance id="209">Commentary: Minutemen have a right to be idiotic</instance>
<instance id="210">Madonna files adoption papers</instance>
<instance id="211">Gunmen kill 9 at Iraqi TV station</instance>
<instance id="212">Hastert sorry for scandal but not quitting</instance>
<instance id="213">Ex-JonBenet suspect: Child porn case dropped </instance>
<instance id="214">Waste plant fire forces 5,000 to evacuate </instance>
<instance id="215">Toddler died from E. coli tainted spinach </instance>
<instance id="216">Disturbing finds in child sex raids </instance>
<instance id="217">Magazine lists women who had abortions </instance>
<instance id="218">Pot smokers may avoid Alzheimer's, study says </instance>
<instance id="219">Student starts white men's club on campus </instance>
<instance id="220">Kentucky wants to ban alcohol inhalers </instance>
<instance id="221">Peter Pan flies into chapter two </instance>
<instance id="222">Teen repellent inventor wins infamous prize </instance>
<instance id="223">Cher's dress, car, bed have new owners</instance>
<instance id="224">Dow hits new record, eyes 12,000 </instance>
<instance id="225">Ex-Virginia gov not running for president </instance>
<instance id="226">Yankee pitcher's pilot log found </instance>
<instance id="228">Dem leader's $1 million land deal under scrutiny </instance>
<instance id="229">Dad locked up son, watched on TV, police say </instance>
<instance id="230">Navarrette: Minutemen have a right to be idiotic </instance>
<instance id="231">Pit bulls jump miniature pony, leave her bloody </instance>
<instance id="232">Alaska town cut off from rest of state by flood </instance>
<instance id="233">Trailblazing trio protects City by the Bay </instance>
<instance id="234">Madonna files adoption papers in Malawi</instance>
<instance id="235">'Dr. McDreamy' choked in 'Grey's' scuffle </instance>
<instance id="236">$10,000 poetry prize awarded </instance>
<instance id="237">Las Vegas honour for tiger pair </instance>
<instance id="238">UK characters boosting box office </instance>
<instance id="239">Cher items snapped up at auction </instance>
<instance id="240">Griffiths scorns Withnail 'play' </instance>
<instance id="241">Lily Allen wins web music award </instance>
<instance id="242">Costner appeals in casino wrangle</instance>
<instance id="243">Beyonce copyright claim rejected </instance>
<instance id="244">Cohn gunman jailed for 36 years </instance>
<instance id="245">Melua's deep sea gig sets record </instance>
<instance id="246">Sri Lanka clashes kill 129 troops </instance>
<instance id="247">Gunmen kill 11 in Iraq TV raid </instance>
<instance id="248">Italy drops Sicily bridge plans </instance>
<instance id="249">Amish killings school demolished </instance>
<instance id="250">Pamuk wins Nobel Literature prize</instance>
<instance id="251">Madonna adoption bid approved </instance>
<instance id="252">Man admits UK-US terror bomb plot</instance>
<instance id="253">Who are you calling fat?</instance>
</corpus>
